blank,blank,Central,,0880cc90-e6f8-462f-a317-98486d8f4f7e
blank,blank,East Central,,afba727d-aff9-42a1-9652-71f373f28f23
blank,blank,North Central,,c4b1c2b8-9741-4eb7-89b4-b63b6dd98a31
blank,blank,Northeast,,9d61cf2c-1ccc-4ef8-8433-83fe605acd87
blank,blank,Northwest,,e7bc0629-5c70-41df-b464-202e23985eb9
blank,blank,Southeast,,5db428dc-4c2e-4427-a29a-e2ea7c12d65d
blank,blank,Southwest,,6ae1de3d-460b-4ab9-a340-ddf8ad697e04
blank,blank,West Central,,9d0d6ee3-ebb0-4905-a4aa-e10f9942bed4
,,,,52bbcf03-8447-4aae-b1b4-e817bf774146
,,,,7e40fc32-147e-480e-955d-b90da696be1f
,,,,389cb2a0-b34a-4b88-bc5a-433f13c5b7cf
,,,,c37e4f79-dfc0-4017-ad63-8a195123c6b3
,,,,1a7d2dad-0ee0-4163-83dd-a56ad741ec5d
,,,,63f72e83-c9b8-422a-965a-1122e54c4b76
,,,,b01af6db-2c48-4d6c-a643-42439d321281
,,,,0d9bbf61-5442-4ba5-9a4b-96db0633f442
,,,,1d219f29-79ef-46b0-bb58-4efb3f478c8b
,,,,962925b8-f610-428e-8fce-43dd25656284
,,,,661e69f3-22fa-418d-a07e-bae6bc2c2507
,,,,e483b15e-65f4-49cd-8914-7fe99e7a5ab6
,,,,ba6d6aa8-258c-4db5-82bd-0cfd878c0abf
,,,,afa3f735-ff6d-45d7-92f9-575ba1fab2a4
,,,,0cc007ea-ab28-4553-97f1-a8c9bfcbd97c
,,,,0f0cd0e1-4781-404f-bc17-08e67877eb59
,,,,ff38c3de-c89e-4a9f-871c-f0e36c32b73f
,,,,319e50fa-82d9-420d-b81f-f615dc668738
,,,,f808c369-7a64-4690-bee9-e2d797737fed
,,,,b1cebbd3-e842-4e9d-aac4-25f45f5aa663
,,,,a06c0dc4-70bd-45b7-bf51-d62d4a6e059b
,,,,96278edc-d5e0-4165-93d9-a3f8f17ffb0e
,,,,f7806a1c-ff0c-413a-9889-6f19b2a27414
,,,,a5c72b58-c518-4b19-8d77-cd1d6542ffe9
,,,,b920f8fa-0591-495c-9c23-0ba54aab78c5
,,,,0fdf8f80-eb75-4331-aefe-5a1fc0934e30
,,,,6b2f11e7-7d76-4463-9931-568e2927ae53
,,,,585a4de5-4198-48d0-a780-781e59114960
,,,,fb0f9b95-3772-4acf-8649-57eee8ab9c8b
,,,,7c54b6dc-6a5b-4f89-bcd0-09b0b137c1fa
,,,,1c501927-085e-43a3-b603-5432b829da1f
,,,,9a4f51be-c158-468c-a124-ce4c6e9f1d00
,,,,4c418e69-659a-4f68-af34-ba6e74ad8fcd
,,,,8d40cbd5-34ed-4107-8cdb-9f8bd2e0a815
,,,,f218d4e8-73a6-40ac-85fb-e2fd4dd2c6c9
,,,,f335c1f3-7e6f-4162-b9b0-13bbca10e9b8
,,,,06f48ac0-1389-4d77-8b81-989dcba18e9e
,,,,f7cb54cc-c055-4674-8eca-2aea657e30a5
,,,,41ad6eee-9ce5-4655-9da6-0dd3d3ef35a7
,,,,33edd087-d747-4729-b627-2890138032ec
,,,,1d520fdb-6c2c-4c61-a974-9b10d2324296
,,,,8136bdb4-fa9a-4ddd-915d-2f6a37fdb8a8
,,,,9ef1cd0f-ae69-4d5d-a9e8-f4e3d9781b44
,,,,c098bbbc-f8f9-4068-a1e8-5b046d57819d
,,,,2b52814c-91f4-46e0-8b67-dd3e0522258b
,,,,792d7d29-3b08-411a-87ad-2bb5c4da6375
